accuracy,precision,recall,f1_score
0.9879638916750251,0.985151551017334,0.9893679366449439,0.9867780290487626
